Маршрут,Оператор,Для чего подходит,Кто подает,Финансирование,Окно / статус на 27.04.2026,Проекты из реестра,Что подготовить первым,Источник,Дата проверки,План подачи с 1 июня 2026,Уверенность / что перепроверить
ФСИ Старт-1,Фонд содействия инновациям,"Технологический MVP, НИОКР, ранняя коммерциализация",Физлицо или малое предприятие по условиям конкурса,до 5 млн ₽; 12 месяцев; без софинансирования на первом этапе,Актуально: прием заявок по Старт-1 до 01.06.2026; смежные треки смотреть на сайте Фонда,ТП-2026-001; ТП-2026-002; ТП-2026-003; ТП-2026-004; ТП-2026-006; ТП-2026-007; ТП-2026-011; ТП-2026-013; ТП-2026-025; ТП-2026-026; ТП-2026-027,"Паспорт проекта, новизна, MVP, рынок, команда, смета, письма пилотов",https://www.fasie.ru/programs/programma-start/,27.04.2026,Подавать только готовые пакеты к 01.06; остальные переносить в следующий трек/окно ФСИ,Высокая по текущему листу; 01.06 проверить дедлайн и требования
ФСИ Старт-Пром,Фонд содействия инновациям,Промышленные и производственные технологические решения,Физлицо или малое предприятие не старше 2 лет,до 5 млн ₽; без софинансирования,Актуально: прием заявок до 12.05.2026,ТП-2026-027; ТП-2026-015 при гражданском контуре; ТП-2026-002,"Техническое решение, промышленная применимость, расчет себестоимости, план НИОКР",https://www.fasie.ru/programs/programma-start/,27.04.2026,Оставить как архив раннего окна; с июня мониторить повтор/смежный промышленный трек,Средняя; перепроверить повторный набор
ФСИ УМНИК,Фонд содействия инновациям,НИР молодых исследователей и ранние научно-технические идеи,Молодой исследователь по условиям программы,500 тыс ₽; до 12 месяцев; НИР,Действующая программа; конкретные региональные окна проверять отдельно,ТП-2026-025; ТП-2026-026; ТП-2026-027; ТП-2026-018; ТП-2026-007; ТП-2026-005,"Научная новизна, роль автора, план НИР, ожидаемый результат",https://fasie.ru/programs/programma-umnik/,27.04.2026,С июня отобрать студентов/молодых исследователей под 3-5 заявок,Высокая как маршрут; окна регионов проверить
ФСИ Студенческий стартап,Фонд содействия инновациям,Студенческий стартап с последующим созданием юрлица,Студенты вузов по условиям конкурса,1 млн ₽; 12 месяцев,Седьмая очередь 2026 завершила прием; держать в мониторинге новые очереди,ТП-2026-025; ТП-2026-026; ТП-2026-027; ТП-2026-018; ТП-2026-007,"Команда, бизнес-гипотеза, MVP, план создания ООО, смета",https://fasie.ru/programs/programma-studstartup/,27.04.2026,С июня готовить пул студенческих заявок под новую очередь/2027,Средняя; проверить появление новой очереди
Новатор Москвы,ДПИР Москвы / Московский инновационный кластер,Премия для инновационных разработок на разных стадиях,"Граждане РФ от 14 лет, связанные с Москвой, индивидуально или команда до 5 человек","призовой фонд 20,7 млн ₽; победители до 1,5 млн ₽",Актуально: прием заявок с 10.02.2026 по 05.05.2026,ТП-2026-001; ТП-2026-004; ТП-2026-011; ТП-2026-027; ТП-2026-017; ТП-2026-006,"Короткая презентация, описание технологии, стадия готовности, команда",https://i.moscow/novator,27.04.2026,Оставить как прошедшее/раннее окно; использовать материалы для следующего сезона и МИК,Высокая по текущему листу; следующий сезон проверить
Грант на пилотное тестирование МИК,Московский инновационный кластер,Апробация инновационного решения на городской инфраструктуре,Участник Московского инновационного кластера,до 4 млн ₽ для участников межотраслевых кластеров; до 2 млн ₽ для иных участников,Актуально как городская мера поддержки; доступность окна проверять перед подачей,ТП-2026-001; ТП-2026-004; ТП-2026-006; ТП-2026-009; ТП-2026-011; ТП-2026-013; ТП-2026-024; ТП-2026-026,"Пилотная площадка, план тестирования, смета, ожидаемые показатели",https://i.moscow/pilot/grant,27.04.2026,"С июня готовить 2-3 пилота: медтех, VR соцслужбы, AI-сервис",Высокая как маршрут; проверить доступность лимитов и статус участника МИК
"ПФКИ 2027, первый конкурс",Президентский фонд культурных инициатив,"Культура, искусство, креативные индустрии, цифровой контент","Организации, ИП, НКО и команды по условиям конкурса",по условиям конкурса,Актуально: прием заявок до 30.06.2026,ТП-2026-010; ТП-2026-017; ТП-2026-007 при культурном контенте,"Сценарий проекта, культурный продукт, аудитория, визуалы, партнеры, смета",https://фондкультурныхинициатив.рф/,27.04.2026,Приоритет июня: XR-музеи и цифровая мода; подать до 30.06 при наличии партнера,Высокая по текущему листу; перепроверить положение конкурса
"РНФ, прикладные и ориентированные исследования",Российский научный фонд,"Научные и прикладные исследования, технологические предложения",Научная группа / организация по условиям конкурса,по конкурсной документации,"Актуально: ряд конкурсов открыт до 22.05.2026, 11.06.2026 и далее",ТП-2026-005; ТП-2026-016; ТП-2026-013; ТП-2026-009; ТП-2026-024; ТП-2026-007,"Научная гипотеза, методика, публикационный план, команда, база исследований",https://rscf.ru/contests/,27.04.2026,С июня держать научные заявки с дедлайном 11.06 и осенними окнами,Высокая как научный маршрут; проверить конкретные конкурсы
Росмолодежь.Гранты,Росмолодежь,"Молодежные социальные, образовательные и творческие инициативы",Физлица/команды/организации по конкретному конкурсу,обычно до 1 млн ₽ для физлиц; параметры уточнять в сезоне,Мониторить новые сезоны и форумные конкурсы 2026,ТП-2026-008; ТП-2026-028; ТП-2026-026; ТП-2026-018; ТП-2026-019; ТП-2026-009,"Календарный план, охват, медиаплан, смета, команда",https://fadm.gov.ru/directions/grant/,27.04.2026,"С июня упаковать инженерные интенсивы, робототехнику и цифровое портфолио",Высокая как маршрут; проверить форумные и вузовские окна
Гранты Первых,Движение Первых,Мероприятия и проектная активность для детей и молодежи,Юрлица и ИП по условиям конкурса,по условиям конкурса,"Годовой цикл: подача в январе-феврале, экспертиза весной; 2026 окно учитывать на следующий цикл",ТП-2026-008; ТП-2026-028; ТП-2026-026; ТП-2026-019,"Программа мероприятий, детско-молодежная аудитория, наставники, календарь, смета",https://будьвдвижении.рф/,27.04.2026,С июня готовить задел на следующий цикл и партнерские письма школ,Средняя; проверить новый цикл и требования к юрлицам
Фонд президентских грантов,ФПГ,Социальные проекты с измеримым общественным эффектом,НКО или проект через НКО-партнера,по условиям конкурса,Второй конкурс 2026 завершил прием 16.03.2026; готовить заявки к следующему окну,ТП-2026-003; ТП-2026-007; ТП-2026-009; ТП-2026-012; ТП-2026-024; ТП-2026-008; ТП-2026-013,"Целевая аудитория, социальный эффект, партнеры, смета, календарный план",https://президентскиегранты.рф/,27.04.2026,С июня готовить социальный пакет через НКО-партнера под следующее окно,Высокая как маршрут; проверить календарь конкурса 2027
ФСИ Старт-Цифровые технологии,Фонд содействия инновациям,"Цифровые продукты, ИИ-сервисы, платформы, EdTech/MedTech software",Физлицо или малое предприятие по условиям конкретного трека,обычно до 5 млн ₽; условия зависят от конкурса,В текущем реестре указан как трек «при открытии»; требуется мониторинг,ТП-2026-006; ТП-2026-007; ТП-2026-025; ТП-2026-026; ТП-2026-027; ТП-2026-018,"MVP, архитектура, данные, рынок, команда разработки, пилот",https://www.fasie.ru/programs/programma-start/,27.04.2026,С июня отслеживать открытие и заранее упаковать AI/EdTech проекты,Средняя; подтвердить наличие именно этого трека в 2026
ФСИ Старт-Медизделия,Фонд содействия инновациям,"Медицинские изделия, тренажеры, реабилитационные и протезные решения",Физлицо или малое предприятие по условиям конкретного трека,обычно до 5 млн ₽; условия зависят от конкурса,В текущем реестре указан как трек «при открытии»; требуется мониторинг,ТП-2026-001; ТП-2026-002; ТП-2026-003; ТП-2026-004; ТП-2026-016; ТП-2026-011; ТП-2026-013,"Медицинское ТЗ, класс изделия, пилотная база, риск-анализ, дорожная карта испытаний",https://www.fasie.ru/programs/programma-start/,27.04.2026,"С июня держать медтех-пакет наготове: Пневмоторакс, ортез, стоматология",Средняя; подтвердить открытие трека и допустимость образовательных тренажеров
ФСИ Старт-ИИ / искусственный интеллект,Фонд содействия инновациям,ИИ-продукты с технологической новизной и коммерческим сценарием,Физлицо или малое предприятие по условиям конкретного трека,обычно до 5 млн ₽; условия зависят от конкурса,Добавлен как профильный маршрут для AI-проектов; окно обязательно проверить,ТП-2026-006; ТП-2026-007; ТП-2026-025; ТП-2026-026; ТП-2026-018,"Датасеты, архитектура модели, MVP, метрики качества, пилотный пользователь",https://www.fasie.ru/programs/programma-start/,27.04.2026,"С июня готовить заявки по SmartNurse, сурдопереводу и помощнику преподавателя",Средняя; проверить точное название и статус конкурса
ФСИ Развитие,Фонд содействия инновациям,"Масштабирование НИОКР после MVP, развитие продукта и опытной партии",Малое инновационное предприятие / ООО по условиям конкурса,"до 30 млн ₽; обычно требуется софинансирование, условия уточнять","Подходит не для идеи, а для проектов с подтвержденным MVP/пилотом",ТП-2026-001; ТП-2026-002; ТП-2026-003; ТП-2026-006; ТП-2026-011; ТП-2026-027,"Результаты пилота, ИС, экономика, производственный план, софинансирование",https://www.fasie.ru/programs/programma-razvitie/,27.04.2026,С июня вести как маршрут второго эшелона после Старт/пилота,Средняя; проверить открытые конкурсы и размер софинансирования
ФСИ Коммерциализация,Фонд содействия инновациям,"Вывод на рынок, производство, продажи, доработка готового продукта",Малое предприятие с результатами НИОКР и коммерческим потенциалом,до 30 млн ₽; условия и софинансирование уточнять,Подходит для зрелых проектов при наличии рынка и МИП,ТП-2026-001; ТП-2026-002; ТП-2026-003; ТП-2026-004; ТП-2026-006; ТП-2026-011; ТП-2026-027,"Первые продажи/пилоты, IP, производственная смета, финансовая модель",https://www.fasie.ru/programs/,27.04.2026,"С июня готовить не как первую подачу, а как следующий этап для зрелых кейсов",Средняя; проверить актуальный URL и положение конкурса
ФСИ Бизнес-Старт,Фонд содействия инновациям,Запуск бизнеса вокруг технологического результата после ранних этапов,Малое предприятие / команда по условиям программы,условия зависят от конкурса,Во внутренних материалах помечен как требующий ручной перепроверки на 2026,ТП-2026-001; ТП-2026-002; ТП-2026-003; ТП-2026-015; ТП-2026-022; ТП-2026-027,"Бизнес-модель, рынок, команда, MVP, план запуска продаж",https://www.fasie.ru/,27.04.2026,С июня проверить наличие окна; использовать только при подтверждении оператора,Низкая/средняя; обязательно проверить действительность программы
ФСИ Старт-НТИ / Развитие-НТИ,Фонд содействия инновациям / НТИ,"Проекты по рынкам НТИ, робототехнике, БАС, VR/AR, цифровой медицине",Физлицо или малое предприятие по условиям конкурса,обычно грантовое финансирование; параметры по конкурсу,Профильный маршрут при открытии тематических конкурсов,ТП-2026-014; ТП-2026-019; ТП-2026-006; ТП-2026-009; ТП-2026-013; ТП-2026-024; ТП-2026-027,"Привязка к рынку НТИ, технологическая новизна, пилот, партнер",https://www.fasie.ru/,27.04.2026,С июня мониторить тематические окна НТИ и готовить гражданские сценарии,Средняя; проверить открытие конкретного конкурса
Сколково - гранты участникам проекта,Фонд «Сколково»,"Технологические стартапы: ИИ, медтех, VR/AR, промышленные цифровые продукты",Юрлицо - участник проекта «Сколково»,микрогранты/минигранты/гранты по правилам фонда; параметры уточнять,Актуально при получении статуса участника; это отдельный маршрут упаковки,ТП-2026-006; ТП-2026-007; ТП-2026-025; ТП-2026-026; ТП-2026-027; ТП-2026-001; ТП-2026-002,"Заявка на статус, презентация, IP, рынок, команда, дорожная карта",https://sk.ru/foundation/grants/,27.04.2026,С июня выбрать 2-3 проекта под статус Сколково и грантовый маршрут,Средняя; проверить условия 2026 и требования к юрлицу
Гранты Мэра Москвы / Добрый город,Правительство Москвы / Комитет общественных связей и молодежной политики,"Социальные проекты, инклюзия, занятость, поддержка людей с ОВЗ",НКО или партнерский НКО-контур,по условиям московского конкурса,Подходит для социальных и инклюзивных проектов в Москве,ТП-2026-003; ТП-2026-007; ТП-2026-012; ТП-2026-024; ТП-2026-008; ТП-2026-013,"НКО-партнер, социальный эффект, московская аудитория, бюджет, письма поддержки",https://душевная.москва/,27.04.2026,С июня найти НКО-партнера и проверить ближайший городской конкурс,Средняя; подтвердить календарь и номинации
Минобрнауки - молодежные лаборатории / научные конкурсы,Минобрнауки России и подведомственные операторы,"Научные лаборатории, прикладные исследования, развитие исследовательской базы",Университет / научная группа,по конкурсной документации,Использовать для исследовательских проектов и лабораторного контура,ТП-2026-005; ТП-2026-013; ТП-2026-007; ТП-2026-016,"Научная программа, руководитель, публикации, оборудование, кадровый план",https://minobrnauki.gov.ru/,27.04.2026,"С июня держать как стратегический научный маршрут, не как быстрый грант",Средняя; проверить конкретные конкурсы и право РГСУ на участие
Фонд НТИ / конкурсы и акселераторы НТИ,Платформа НТИ / Фонд НТИ,"Технологические проекты рынков НТИ, пилоты, акселерация и партнерства",Команда / юрлицо / университетский партнер по условиям отбора,по условиям отбора; иногда не классический грант,"Подходит для БАС, робототехники, VR/AR, AI и цифрового производства",ТП-2026-019; ТП-2026-014; ТП-2026-006; ТП-2026-009; ТП-2026-024; ТП-2026-027,"Технологическая дорожная карта, пилот, рынок НТИ, индустриальный партнер",https://nti.fund/,27.04.2026,С июня мониторить отборы и использовать для партнерского продвижения,Средняя; уточнить денежность поддержки и дедлайны
Акселератор Спринт,"ФРИИ / Минцифры, оператор программы по ИТ-акселерации",ИТ-продукты и цифровые сервисы с потенциалом масштабирования,Юрлицо / команда по условиям набора,акселерационная поддержка; условия финансирования уточнять,"Не классический грант, но полезен для цифровых проектов",ТП-2026-006; ТП-2026-025; ТП-2026-026; ТП-2026-027; ТП-2026-018; ТП-2026-007,"MVP, трекшн, описание продукта, команда, план продаж",https://sprint.iidf.ru/,27.04.2026,С июня рассмотреть как быстрый упаковочный маршрут для AI/EdTech,Средняя; проверить наборы 2026 и формат поддержки
Нацпроект «Кадры» / образовательные субсидии и конкурсы,Федеральные/региональные операторы подготовки кадров,"Образовательные программы, ДПО, инженерные интенсивы, профориентация",РГСУ / образовательный партнер / консорциум,по условиям оператора,"Не НИОКР, но важный маршрут для образовательных программ технопарка",ТП-2026-008; ТП-2026-028; ТП-2026-019; ТП-2026-026; ТП-2026-027,"Программа, часы, целевые группы, работодатели/школы, смета, KPI",https://trudvsem.ru/,27.04.2026,"С июня вести отдельным образовательным контуром, не смешивать с ФСИ",Средняя; определить конкретного оператора и окно
Контрактный НИОКР / индустриальный заказчик,"Индустриальный, медицинский, музейный или ведомственный партнер","Проекты, где грант медленнее или невозможен: специнжиниринг, заказные изделия, пилоты",РГСУ / МИП / партнерская организация,по ТЗ и договору,"Не грант, но обязательный маршрут для чувствительных и прикладных проектов",ТП-2026-020; ТП-2026-015; ТП-2026-014; ТП-2026-021; ТП-2026-022; ТП-2026-023; ТП-2026-016; ТП-2026-024,"ТЗ, NDA при необходимости, смета, календарь, прототип, договор пилота",внутренний контур РГСУ / партнерские переговоры,27.04.2026,"С июня выделить отдельно от публичных грантов, чтобы не рисковать заявками",Высокая как управленческий маршрут; не считать грантом